FOR;He;
S;13.6267;0.17523
;1.99935;0.893483
FOR;;